,key,date,day,month,quarter,year,sin
1,2016-01-01,2016-01-01,2016-01-01,2016-01,20161,2016,0.84
2,2016-01-02,2016-01-02,2016-01-02,2016-01,20161,2016,0.9
3,2016-01-03,2016-01-03,2016-01-03,2016-01,20161,2016,0.14
4,2016-01-04,2016-01-04,2016-01-04,2016-01,20161,2016,-0.75
5,2016-01-05,2016-01-05,2016-01-05,2016-01,20161,2016,-0.95
6,2016-01-06,2016-01-06,2016-01-06,2016-01,20161,2016,-0.27
7,2016-01-07,2016-01-07,2016-01-07,2016-01,20161,2016,0.65
8,2016-01-08,2016-01-08,2016-01-08,2016-01,20161,2016,0.98
9,2016-01-09,2016-01-09,2016-01-09,2016-01,20161,2016,0.41
10,2016-01-10,2016-01-10,2016-01-10,2016-01,20161,2016,-0.54
11,2016-01-11,2016-01-11,2016-01-11,2016-01,20161,2016,-0.99
12,2016-01-12,2016-01-12,2016-01-12,2016-01,20161,2016,-0.53
13,2016-01-13,2016-01-13,2016-01-13,2016-01,20161,2016,0.42
14,2016-01-14,2016-01-14,2016-01-14,2016-01,20161,2016,0.99
15,2016-01-15,2016-01-15,2016-01-15,2016-01,20161,2016,0.65
16,2016-01-16,2016-01-16,2016-01-16,2016-01,20161,2016,-0.28
17,2016-01-17,2016-01-17,2016-01-17,2016-01,20161,2016,-0.96
18,2016-01-18,2016-01-18,2016-01-18,2016-01,20161,2016,-0.75
19,2016-01-19,2016-01-19,2016-01-19,2016-01,20161,2016,0.14
20,2016-01-20,2016-01-20,2016-01-20,2016-01,20161,2016,0.91
21,2016-01-21,2016-01-21,2016-01-21,2016-01,20161,2016,0.83
22,2016-01-22,2016-01-22,2016-01-22,2016-01,20161,2016,0
23,2016-01-23,2016-01-23,2016-01-23,2016-01,20161,2016,-0.84
24,2016-01-24,2016-01-24,2016-01-24,2016-01,20161,2016,-0.9
25,2016-01-25,2016-01-25,2016-01-25,2016-01,20161,2016,-0.13
26,2016-01-26,2016-01-26,2016-01-26,2016-01,20161,2016,0.76
27,2016-01-27,2016-01-27,2016-01-27,2016-01,20161,2016,0.95
28,2016-01-28,2016-01-28,2016-01-28,2016-01,20161,2016,0.27
29,2016-01-29,2016-01-29,2016-01-29,2016-01,20161,2016,-0.66
30,2016-01-30,2016-01-30,2016-01-30,2016-01,20161,2016,-0.98
31,2016-01-31,2016-01-31,2016-01-31,2016-01,20161,2016,-0.4
32,2016-02-01,2016-02-01,2016-02-01,2016-02,20161,2016,0.84
33,2016-02-02,2016-02-02,2016-02-02,2016-02,20161,2016,0.9
34,2016-02-03,2016-02-03,2016-02-03,2016-02,20161,2016,0.14
35,2016-02-04,2016-02-04,2016-02-04,2016-02,20161,2016,-0.75
36,2016-02-05,2016-02-05,2016-02-05,2016-02,20161,2016,-0.95
37,2016-02-06,2016-02-06,2016-02-06,2016-02,20161,2016,-0.27
38,2016-02-07,2016-02-07,2016-02-07,2016-02,20161,2016,0.65
39,2016-02-08,2016-02-08,2016-02-08,2016-02,20161,2016,0.98
40,2016-02-09,2016-02-09,2016-02-09,2016-02,20161,2016,0.41
41,2016-02-10,2016-02-10,2016-02-10,2016-02,20161,2016,-0.54
42,2016-02-11,2016-02-11,2016-02-11,2016-02,20161,2016,-0.99
43,2016-02-12,2016-02-12,2016-02-12,2016-02,20161,2016,-0.53
44,2016-02-13,2016-02-13,2016-02-13,2016-02,20161,2016,0.42
45,2016-02-14,2016-02-14,2016-02-14,2016-02,20161,2016,0.99
46,2016-02-15,2016-02-15,2016-02-15,2016-02,20161,2016,0.65
47,2016-02-16,2016-02-16,2016-02-16,2016-02,20161,2016,-0.28
48,2016-02-17,2016-02-17,2016-02-17,2016-02,20161,2016,-0.96
49,2016-02-18,2016-02-18,2016-02-18,2016-02,20161,2016,-0.75
50,2016-02-19,2016-02-19,2016-02-19,2016-02,20161,2016,0.14
51,2016-02-20,2016-02-20,2016-02-20,2016-02,20161,2016,0.91
52,2016-02-21,2016-02-21,2016-02-21,2016-02,20161,2016,0.83
53,2016-02-22,2016-02-22,2016-02-22,2016-02,20161,2016,0
54,2016-02-23,2016-02-23,2016-02-23,2016-02,20161,2016,-0.84
55,2016-02-24,2016-02-24,2016-02-24,2016-02,20161,2016,-0.9
56,2016-02-25,2016-02-25,2016-02-25,2016-02,20161,2016,-0.13
57,2016-02-26,2016-02-26,2016-02-26,2016-02,20161,2016,0.76
58,2016-02-27,2016-02-27,2016-02-27,2016-02,20161,2016,0.95
59,2016-02-28,2016-02-28,2016-02-28,2016-02,20161,2016,0.27
60,2016-02-29,2016-02-29,2016-02-29,2016-02,20161,2016,-0.66
61,2016-03-01,2016-03-01,2016-03-01,2016-03,20161,2016,0.84
62,2016-03-02,2016-03-02,2016-03-02,2016-03,20161,2016,0.9
63,2016-03-03,2016-03-03,2016-03-03,2016-03,20161,2016,0.14
64,2016-03-04,2016-03-04,2016-03-04,2016-03,20161,2016,-0.75
65,2016-03-05,2016-03-05,2016-03-05,2016-03,20161,2016,-0.95
66,2016-03-06,2016-03-06,2016-03-06,2016-03,20161,2016,-0.27
67,2016-03-07,2016-03-07,2016-03-07,2016-03,20161,2016,0.65
68,2016-03-08,2016-03-08,2016-03-08,2016-03,20161,2016,0.98
69,2016-03-09,2016-03-09,2016-03-09,2016-03,20161,2016,0.41
70,2016-03-10,2016-03-10,2016-03-10,2016-03,20161,2016,-0.54
71,2016-03-11,2016-03-11,2016-03-11,2016-03,20161,2016,-0.99
72,2016-03-12,2016-03-12,2016-03-12,2016-03,20161,2016,-0.53
73,2016-03-13,2016-03-13,2016-03-13,2016-03,20161,2016,0.42
74,2016-03-14,2016-03-14,2016-03-14,2016-03,20161,2016,0.99
75,2016-03-15,2016-03-15,2016-03-15,2016-03,20161,2016,0.65
76,2016-03-16,2016-03-16,2016-03-16,2016-03,20161,2016,-0.28
77,2016-03-17,2016-03-17,2016-03-17,2016-03,20161,2016,-0.96
78,2016-03-18,2016-03-18,2016-03-18,2016-03,20161,2016,-0.75
79,2016-03-19,2016-03-19,2016-03-19,2016-03,20161,2016,0.14
80,2016-03-20,2016-03-20,2016-03-20,2016-03,20161,2016,0.91
81,2016-03-21,2016-03-21,2016-03-21,2016-03,20161,2016,0.83
82,2016-03-22,2016-03-22,2016-03-22,2016-03,20161,2016,0
83,2016-03-23,2016-03-23,2016-03-23,2016-03,20161,2016,-0.84
84,2016-03-24,2016-03-24,2016-03-24,2016-03,20161,2016,-0.9
85,2016-03-25,2016-03-25,2016-03-25,2016-03,20161,2016,-0.13
86,2016-03-26,2016-03-26,2016-03-26,2016-03,20161,2016,0.76
87,2016-03-27,2016-03-27,2016-03-27,2016-03,20161,2016,0.95
88,2016-03-28,2016-03-28,2016-03-28,2016-03,20161,2016,0.27
89,2016-03-29,2016-03-29,2016-03-29,2016-03,20161,2016,-0.66
90,2016-03-30,2016-03-30,2016-03-30,2016-03,20161,2016,-0.98
91,2016-03-31,2016-03-31,2016-03-31,2016-03,20161,2016,-0.4
92,2016-04-01,2016-04-01,2016-04-01,2016-04,20162,2016,0.84
93,2016-04-02,2016-04-02,2016-04-02,2016-04,20162,2016,0.9
94,2016-04-03,2016-04-03,2016-04-03,2016-04,20162,2016,0.14
95,2016-04-04,2016-04-04,2016-04-04,2016-04,20162,2016,-0.75
96,2016-04-05,2016-04-05,2016-04-05,2016-04,20162,2016,-0.95
97,2016-04-06,2016-04-06,2016-04-06,2016-04,20162,2016,-0.27
98,2016-04-07,2016-04-07,2016-04-07,2016-04,20162,2016,0.65
99,2016-04-08,2016-04-08,2016-04-08,2016-04,20162,2016,0.98
100,2016-04-09,2016-04-09,2016-04-09,2016-04,20162,2016,0.41
101,2016-04-10,2016-04-10,2016-04-10,2016-04,20162,2016,-0.54
102,2016-04-11,2016-04-11,2016-04-11,2016-04,20162,2016,-0.99
103,2016-04-12,2016-04-12,2016-04-12,2016-04,20162,2016,-0.53
104,2016-04-13,2016-04-13,2016-04-13,2016-04,20162,2016,0.42
105,2016-04-14,2016-04-14,2016-04-14,2016-04,20162,2016,0.99
106,2016-04-15,2016-04-15,2016-04-15,2016-04,20162,2016,0.65
107,2016-04-16,2016-04-16,2016-04-16,2016-04,20162,2016,-0.28
108,2016-04-17,2016-04-17,2016-04-17,2016-04,20162,2016,-0.96
109,2016-04-18,2016-04-18,2016-04-18,2016-04,20162,2016,-0.75
110,2016-04-19,2016-04-19,2016-04-19,2016-04,20162,2016,0.14
111,2016-04-20,2016-04-20,2016-04-20,2016-04,20162,2016,0.91
112,2016-04-21,2016-04-21,2016-04-21,2016-04,20162,2016,0.83
113,2016-04-22,2016-04-22,2016-04-22,2016-04,20162,2016,0
114,2016-04-23,2016-04-23,2016-04-23,2016-04,20162,2016,-0.84
115,2016-04-24,2016-04-24,2016-04-24,2016-04,20162,2016,-0.9
116,2016-04-25,2016-04-25,2016-04-25,2016-04,20162,2016,-0.13
117,2016-04-26,2016-04-26,2016-04-26,2016-04,20162,2016,0.76
118,2016-04-27,2016-04-27,2016-04-27,2016-04,20162,2016,0.95
119,2016-04-28,2016-04-28,2016-04-28,2016-04,20162,2016,0.27
120,2016-04-29,2016-04-29,2016-04-29,2016-04,20162,2016,-0.66
121,2016-04-30,2016-04-30,2016-04-30,2016-04,20162,2016,-0.98
122,2016-05-01,2016-05-01,2016-05-01,2016-05,20162,2016,0.84
123,2016-05-02,2016-05-02,2016-05-02,2016-05,20162,2016,0.9
124,2016-05-03,2016-05-03,2016-05-03,2016-05,20162,2016,0.14
125,2016-05-04,2016-05-04,2016-05-04,2016-05,20162,2016,-0.75
126,2016-05-05,2016-05-05,2016-05-05,2016-05,20162,2016,-0.95
127,2016-05-06,2016-05-06,2016-05-06,2016-05,20162,2016,-0.27
128,2016-05-07,2016-05-07,2016-05-07,2016-05,20162,2016,0.65
129,2016-05-08,2016-05-08,2016-05-08,2016-05,20162,2016,0.98
130,2016-05-09,2016-05-09,2016-05-09,2016-05,20162,2016,0.41
131,2016-05-10,2016-05-10,2016-05-10,2016-05,20162,2016,-0.54
132,2016-05-11,2016-05-11,2016-05-11,2016-05,20162,2016,-0.99
133,2016-05-12,2016-05-12,2016-05-12,2016-05,20162,2016,-0.53
134,2016-05-13,2016-05-13,2016-05-13,2016-05,20162,2016,0.42
135,2016-05-14,2016-05-14,2016-05-14,2016-05,20162,2016,0.99
136,2016-05-15,2016-05-15,2016-05-15,2016-05,20162,2016,0.65
137,2016-05-16,2016-05-16,2016-05-16,2016-05,20162,2016,-0.28
138,2016-05-17,2016-05-17,2016-05-17,2016-05,20162,2016,-0.96
139,2016-05-18,2016-05-18,2016-05-18,2016-05,20162,2016,-0.75
140,2016-05-19,2016-05-19,2016-05-19,2016-05,20162,2016,0.14
141,2016-05-20,2016-05-20,2016-05-20,2016-05,20162,2016,0.91
142,2016-05-21,2016-05-21,2016-05-21,2016-05,20162,2016,0.83
143,2016-05-22,2016-05-22,2016-05-22,2016-05,20162,2016,0
144,2016-05-23,2016-05-23,2016-05-23,2016-05,20162,2016,-0.84
145,2016-05-24,2016-05-24,2016-05-24,2016-05,20162,2016,-0.9
146,2016-05-25,2016-05-25,2016-05-25,2016-05,20162,2016,-0.13
147,2016-05-26,2016-05-26,2016-05-26,2016-05,20162,2016,0.76
148,2016-05-27,2016-05-27,2016-05-27,2016-05,20162,2016,0.95
149,2016-05-28,2016-05-28,2016-05-28,2016-05,20162,2016,0.27
150,2016-05-29,2016-05-29,2016-05-29,2016-05,20162,2016,-0.66
151,2016-05-30,2016-05-30,2016-05-30,2016-05,20162,2016,-0.98
152,2016-05-31,2016-05-31,2016-05-31,2016-05,20162,2016,-0.4
153,2016-06-01,2016-06-01,2016-06-01,2016-06,20162,2016,0.84
154,2016-06-02,2016-06-02,2016-06-02,2016-06,20162,2016,0.9
155,2016-06-03,2016-06-03,2016-06-03,2016-06,20162,2016,0.14
156,2016-06-04,2016-06-04,2016-06-04,2016-06,20162,2016,-0.75
157,2016-06-05,2016-06-05,2016-06-05,2016-06,20162,2016,-0.95
158,2016-06-06,2016-06-06,2016-06-06,2016-06,20162,2016,-0.27
159,2016-06-07,2016-06-07,2016-06-07,2016-06,20162,2016,0.65
160,2016-06-08,2016-06-08,2016-06-08,2016-06,20162,2016,0.98
161,2016-06-09,2016-06-09,2016-06-09,2016-06,20162,2016,0.41
162,2016-06-10,2016-06-10,2016-06-10,2016-06,20162,2016,-0.54
163,2016-06-11,2016-06-11,2016-06-11,2016-06,20162,2016,-0.99
164,2016-06-12,2016-06-12,2016-06-12,2016-06,20162,2016,-0.53
165,2016-06-13,2016-06-13,2016-06-13,2016-06,20162,2016,0.42
166,2016-06-14,2016-06-14,2016-06-14,2016-06,20162,2016,0.99
167,2016-06-15,2016-06-15,2016-06-15,2016-06,20162,2016,0.65
168,2016-06-16,2016-06-16,2016-06-16,2016-06,20162,2016,-0.28
169,2016-06-17,2016-06-17,2016-06-17,2016-06,20162,2016,-0.96
170,2016-06-18,2016-06-18,2016-06-18,2016-06,20162,2016,-0.75
171,2016-06-19,2016-06-19,2016-06-19,2016-06,20162,2016,0.14
172,2016-06-20,2016-06-20,2016-06-20,2016-06,20162,2016,0.91
173,2016-06-21,2016-06-21,2016-06-21,2016-06,20162,2016,0.83
174,2016-06-22,2016-06-22,2016-06-22,2016-06,20162,2016,0
175,2016-06-23,2016-06-23,2016-06-23,2016-06,20162,2016,-0.84
176,2016-06-24,2016-06-24,2016-06-24,2016-06,20162,2016,-0.9
177,2016-06-25,2016-06-25,2016-06-25,2016-06,20162,2016,-0.13
178,2016-06-26,2016-06-26,2016-06-26,2016-06,20162,2016,0.76
179,2016-06-27,2016-06-27,2016-06-27,2016-06,20162,2016,0.95
180,2016-06-28,2016-06-28,2016-06-28,2016-06,20162,2016,0.27
181,2016-06-29,2016-06-29,2016-06-29,2016-06,20162,2016,-0.66
182,2016-06-30,2016-06-30,2016-06-30,2016-06,20162,2016,-0.98
183,2016-07-01,2016-07-01,2016-07-01,2016-07,20163,2016,0.84
184,2016-07-02,2016-07-02,2016-07-02,2016-07,20163,2016,0.9
185,2016-07-03,2016-07-03,2016-07-03,2016-07,20163,2016,0.14
186,2016-07-04,2016-07-04,2016-07-04,2016-07,20163,2016,-0.75
187,2016-07-05,2016-07-05,2016-07-05,2016-07,20163,2016,-0.95
188,2016-07-06,2016-07-06,2016-07-06,2016-07,20163,2016,-0.27
189,2016-07-07,2016-07-07,2016-07-07,2016-07,20163,2016,0.65
190,2016-07-08,2016-07-08,2016-07-08,2016-07,20163,2016,0.98
191,2016-07-09,2016-07-09,2016-07-09,2016-07,20163,2016,0.41
192,2016-07-10,2016-07-10,2016-07-10,2016-07,20163,2016,-0.54
193,2016-07-11,2016-07-11,2016-07-11,2016-07,20163,2016,-0.99
194,2016-07-12,2016-07-12,2016-07-12,2016-07,20163,2016,-0.53
195,2016-07-13,2016-07-13,2016-07-13,2016-07,20163,2016,0.42
196,2016-07-14,2016-07-14,2016-07-14,2016-07,20163,2016,0.99
197,2016-07-15,2016-07-15,2016-07-15,2016-07,20163,2016,0.65
198,2016-07-16,2016-07-16,2016-07-16,2016-07,20163,2016,-0.28
199,2016-07-17,2016-07-17,2016-07-17,2016-07,20163,2016,-0.96
200,2016-07-18,2016-07-18,2016-07-18,2016-07,20163,2016,-0.75
201,2016-07-19,2016-07-19,2016-07-19,2016-07,20163,2016,0.14
202,2016-07-20,2016-07-20,2016-07-20,2016-07,20163,2016,0.91
203,2016-07-21,2016-07-21,2016-07-21,2016-07,20163,2016,0.83
204,2016-07-22,2016-07-22,2016-07-22,2016-07,20163,2016,0
205,2016-07-23,2016-07-23,2016-07-23,2016-07,20163,2016,-0.84
206,2016-07-24,2016-07-24,2016-07-24,2016-07,20163,2016,-0.9
207,2016-07-25,2016-07-25,2016-07-25,2016-07,20163,2016,-0.13
208,2016-07-26,2016-07-26,2016-07-26,2016-07,20163,2016,0.76
209,2016-07-27,2016-07-27,2016-07-27,2016-07,20163,2016,0.95
210,2016-07-28,2016-07-28,2016-07-28,2016-07,20163,2016,0.27
211,2016-07-29,2016-07-29,2016-07-29,2016-07,20163,2016,-0.66
212,2016-07-30,2016-07-30,2016-07-30,2016-07,20163,2016,-0.98
213,2016-07-31,2016-07-31,2016-07-31,2016-07,20163,2016,-0.4
214,2016-08-01,2016-08-01,2016-08-01,2016-08,20163,2016,0.84
215,2016-08-02,2016-08-02,2016-08-02,2016-08,20163,2016,0.9
216,2016-08-03,2016-08-03,2016-08-03,2016-08,20163,2016,0.14
217,2016-08-04,2016-08-04,2016-08-04,2016-08,20163,2016,-0.75
218,2016-08-05,2016-08-05,2016-08-05,2016-08,20163,2016,-0.95
219,2016-08-06,2016-08-06,2016-08-06,2016-08,20163,2016,-0.27
220,2016-08-07,2016-08-07,2016-08-07,2016-08,20163,2016,0.65
221,2016-08-08,2016-08-08,2016-08-08,2016-08,20163,2016,0.98
222,2016-08-09,2016-08-09,2016-08-09,2016-08,20163,2016,0.41
223,2016-08-10,2016-08-10,2016-08-10,2016-08,20163,2016,-0.54
224,2016-08-11,2016-08-11,2016-08-11,2016-08,20163,2016,-0.99
225,2016-08-12,2016-08-12,2016-08-12,2016-08,20163,2016,-0.53
226,2016-08-13,2016-08-13,2016-08-13,2016-08,20163,2016,0.42
227,2016-08-14,2016-08-14,2016-08-14,2016-08,20163,2016,0.99
228,2016-08-15,2016-08-15,2016-08-15,2016-08,20163,2016,0.65
229,2016-08-16,2016-08-16,2016-08-16,2016-08,20163,2016,-0.28
230,2016-08-17,2016-08-17,2016-08-17,2016-08,20163,2016,-0.96
231,2016-08-18,2016-08-18,2016-08-18,2016-08,20163,2016,-0.75
232,2016-08-19,2016-08-19,2016-08-19,2016-08,20163,2016,0.14
233,2016-08-20,2016-08-20,2016-08-20,2016-08,20163,2016,0.91
234,2016-08-21,2016-08-21,2016-08-21,2016-08,20163,2016,0.83
235,2016-08-22,2016-08-22,2016-08-22,2016-08,20163,2016,0
236,2016-08-23,2016-08-23,2016-08-23,2016-08,20163,2016,-0.84
237,2016-08-24,2016-08-24,2016-08-24,2016-08,20163,2016,-0.9
238,2016-08-25,2016-08-25,2016-08-25,2016-08,20163,2016,-0.13
239,2016-08-26,2016-08-26,2016-08-26,2016-08,20163,2016,0.76
240,2016-08-27,2016-08-27,2016-08-27,2016-08,20163,2016,0.95
241,2016-08-28,2016-08-28,2016-08-28,2016-08,20163,2016,0.27
242,2016-08-29,2016-08-29,2016-08-29,2016-08,20163,2016,-0.66
243,2016-08-30,2016-08-30,2016-08-30,2016-08,20163,2016,-0.98
244,2016-08-31,2016-08-31,2016-08-31,2016-08,20163,2016,-0.4
245,2016-09-01,2016-09-01,2016-09-01,2016-09,20163,2016,0.84
246,2016-09-02,2016-09-02,2016-09-02,2016-09,20163,2016,0.9
247,2016-09-03,2016-09-03,2016-09-03,2016-09,20163,2016,0.14
248,2016-09-04,2016-09-04,2016-09-04,2016-09,20163,2016,-0.75
249,2016-09-05,2016-09-05,2016-09-05,2016-09,20163,2016,-0.95
250,2016-09-06,2016-09-06,2016-09-06,2016-09,20163,2016,-0.27
251,2016-09-07,2016-09-07,2016-09-07,2016-09,20163,2016,0.65
252,2016-09-08,2016-09-08,2016-09-08,2016-09,20163,2016,0.98
253,2016-09-09,2016-09-09,2016-09-09,2016-09,20163,2016,0.41
254,2016-09-10,2016-09-10,2016-09-10,2016-09,20163,2016,-0.54
255,2016-09-11,2016-09-11,2016-09-11,2016-09,20163,2016,-0.99
256,2016-09-12,2016-09-12,2016-09-12,2016-09,20163,2016,-0.53
257,2016-09-13,2016-09-13,2016-09-13,2016-09,20163,2016,0.42
258,2016-09-14,2016-09-14,2016-09-14,2016-09,20163,2016,0.99
259,2016-09-15,2016-09-15,2016-09-15,2016-09,20163,2016,0.65
260,2016-09-16,2016-09-16,2016-09-16,2016-09,20163,2016,-0.28
261,2016-09-17,2016-09-17,2016-09-17,2016-09,20163,2016,-0.96
262,2016-09-18,2016-09-18,2016-09-18,2016-09,20163,2016,-0.75
263,2016-09-19,2016-09-19,2016-09-19,2016-09,20163,2016,0.14
264,2016-09-20,2016-09-20,2016-09-20,2016-09,20163,2016,0.91
265,2016-09-21,2016-09-21,2016-09-21,2016-09,20163,2016,0.83
266,2016-09-22,2016-09-22,2016-09-22,2016-09,20163,2016,0
267,2016-09-23,2016-09-23,2016-09-23,2016-09,20163,2016,-0.84
268,2016-09-24,2016-09-24,2016-09-24,2016-09,20163,2016,-0.9
269,2016-09-25,2016-09-25,2016-09-25,2016-09,20163,2016,-0.13
270,2016-09-26,2016-09-26,2016-09-26,2016-09,20163,2016,0.76
271,2016-09-27,2016-09-27,2016-09-27,2016-09,20163,2016,0.95
272,2016-09-28,2016-09-28,2016-09-28,2016-09,20163,2016,0.27
273,2016-09-29,2016-09-29,2016-09-29,2016-09,20163,2016,-0.66
274,2016-09-30,2016-09-30,2016-09-30,2016-09,20163,2016,-0.98
275,2016-10-01,2016-10-01,2016-10-01,2016-10,20164,2016,0.84
276,2016-10-02,2016-10-02,2016-10-02,2016-10,20164,2016,0.9
277,2016-10-03,2016-10-03,2016-10-03,2016-10,20164,2016,0.14
278,2016-10-04,2016-10-04,2016-10-04,2016-10,20164,2016,-0.75
279,2016-10-05,2016-10-05,2016-10-05,2016-10,20164,2016,-0.95
280,2016-10-06,2016-10-06,2016-10-06,2016-10,20164,2016,-0.27
281,2016-10-07,2016-10-07,2016-10-07,2016-10,20164,2016,0.65
282,2016-10-08,2016-10-08,2016-10-08,2016-10,20164,2016,0.98
283,2016-10-09,2016-10-09,2016-10-09,2016-10,20164,2016,0.41
284,2016-10-10,2016-10-10,2016-10-10,2016-10,20164,2016,-0.54
285,2016-10-11,2016-10-11,2016-10-11,2016-10,20164,2016,-0.99
286,2016-10-12,2016-10-12,2016-10-12,2016-10,20164,2016,-0.53
287,2016-10-13,2016-10-13,2016-10-13,2016-10,20164,2016,0.42
288,2016-10-14,2016-10-14,2016-10-14,2016-10,20164,2016,0.99
289,2016-10-15,2016-10-15,2016-10-15,2016-10,20164,2016,0.65
290,2016-10-16,2016-10-16,2016-10-16,2016-10,20164,2016,-0.28
291,2016-10-17,2016-10-17,2016-10-17,2016-10,20164,2016,-0.96
292,2016-10-18,2016-10-18,2016-10-18,2016-10,20164,2016,-0.75
293,2016-10-19,2016-10-19,2016-10-19,2016-10,20164,2016,0.14
294,2016-10-20,2016-10-20,2016-10-20,2016-10,20164,2016,0.91
295,2016-10-21,2016-10-21,2016-10-21,2016-10,20164,2016,0.83
296,2016-10-22,2016-10-22,2016-10-22,2016-10,20164,2016,0
297,2016-10-23,2016-10-23,2016-10-23,2016-10,20164,2016,-0.84
298,2016-10-24,2016-10-24,2016-10-24,2016-10,20164,2016,-0.9
299,2016-10-25,2016-10-25,2016-10-25,2016-10,20164,2016,-0.13
300,2016-10-26,2016-10-26,2016-10-26,2016-10,20164,2016,0.76
301,2016-10-27,2016-10-27,2016-10-27,2016-10,20164,2016,0.95
302,2016-10-28,2016-10-28,2016-10-28,2016-10,20164,2016,0.27
303,2016-10-29,2016-10-29,2016-10-29,2016-10,20164,2016,-0.66
304,2016-10-30,2016-10-30,2016-10-30,2016-10,20164,2016,-0.98
305,2016-10-31,2016-10-31,2016-10-31,2016-10,20164,2016,-0.4
306,2016-11-01,2016-11-01,2016-11-01,2016-11,20164,2016,0.84
307,2016-11-02,2016-11-02,2016-11-02,2016-11,20164,2016,0.9
308,2016-11-03,2016-11-03,2016-11-03,2016-11,20164,2016,0.14
309,2016-11-04,2016-11-04,2016-11-04,2016-11,20164,2016,-0.75
310,2016-11-05,2016-11-05,2016-11-05,2016-11,20164,2016,-0.95
311,2016-11-06,2016-11-06,2016-11-06,2016-11,20164,2016,-0.27
312,2016-11-07,2016-11-07,2016-11-07,2016-11,20164,2016,0.65
313,2016-11-08,2016-11-08,2016-11-08,2016-11,20164,2016,0.98
314,2016-11-09,2016-11-09,2016-11-09,2016-11,20164,2016,0.41
315,2016-11-10,2016-11-10,2016-11-10,2016-11,20164,2016,-0.54
316,2016-11-11,2016-11-11,2016-11-11,2016-11,20164,2016,-0.99
317,2016-11-12,2016-11-12,2016-11-12,2016-11,20164,2016,-0.53
318,2016-11-13,2016-11-13,2016-11-13,2016-11,20164,2016,0.42
319,2016-11-14,2016-11-14,2016-11-14,2016-11,20164,2016,0.99
320,2016-11-15,2016-11-15,2016-11-15,2016-11,20164,2016,0.65
321,2016-11-16,2016-11-16,2016-11-16,2016-11,20164,2016,-0.28
322,2016-11-17,2016-11-17,2016-11-17,2016-11,20164,2016,-0.96
323,2016-11-18,2016-11-18,2016-11-18,2016-11,20164,2016,-0.75
324,2016-11-19,2016-11-19,2016-11-19,2016-11,20164,2016,0.14
325,2016-11-20,2016-11-20,2016-11-20,2016-11,20164,2016,0.91
326,2016-11-21,2016-11-21,2016-11-21,2016-11,20164,2016,0.83
327,2016-11-22,2016-11-22,2016-11-22,2016-11,20164,2016,0
328,2016-11-23,2016-11-23,2016-11-23,2016-11,20164,2016,-0.84
329,2016-11-24,2016-11-24,2016-11-24,2016-11,20164,2016,-0.9
330,2016-11-25,2016-11-25,2016-11-25,2016-11,20164,2016,-0.13
331,2016-11-26,2016-11-26,2016-11-26,2016-11,20164,2016,0.76
332,2016-11-27,2016-11-27,2016-11-27,2016-11,20164,2016,0.95
333,2016-11-28,2016-11-28,2016-11-28,2016-11,20164,2016,0.27
334,2016-11-29,2016-11-29,2016-11-29,2016-11,20164,2016,-0.66
335,2016-11-30,2016-11-30,2016-11-30,2016-11,20164,2016,-0.98
336,2016-12-01,2016-12-01,2016-12-01,2016-12,20164,2016,0.84
337,2016-12-02,2016-12-02,2016-12-02,2016-12,20164,2016,0.9
338,2016-12-03,2016-12-03,2016-12-03,2016-12,20164,2016,0.14
339,2016-12-04,2016-12-04,2016-12-04,2016-12,20164,2016,-0.75
340,2016-12-05,2016-12-05,2016-12-05,2016-12,20164,2016,-0.95
341,2016-12-06,2016-12-06,2016-12-06,2016-12,20164,2016,-0.27
342,2016-12-07,2016-12-07,2016-12-07,2016-12,20164,2016,0.65
343,2016-12-08,2016-12-08,2016-12-08,2016-12,20164,2016,0.98
344,2016-12-09,2016-12-09,2016-12-09,2016-12,20164,2016,0.41
345,2016-12-10,2016-12-10,2016-12-10,2016-12,20164,2016,-0.54
346,2016-12-11,2016-12-11,2016-12-11,2016-12,20164,2016,-0.99
347,2016-12-12,2016-12-12,2016-12-12,2016-12,20164,2016,-0.53
348,2016-12-13,2016-12-13,2016-12-13,2016-12,20164,2016,0.42
349,2016-12-14,2016-12-14,2016-12-14,2016-12,20164,2016,0.99
350,2016-12-15,2016-12-15,2016-12-15,2016-12,20164,2016,0.65
351,2016-12-16,2016-12-16,2016-12-16,2016-12,20164,2016,-0.28
352,2016-12-17,2016-12-17,2016-12-17,2016-12,20164,2016,-0.96
353,2016-12-18,2016-12-18,2016-12-18,2016-12,20164,2016,-0.75
354,2016-12-19,2016-12-19,2016-12-19,2016-12,20164,2016,0.14
355,2016-12-20,2016-12-20,2016-12-20,2016-12,20164,2016,0.91
356,2016-12-21,2016-12-21,2016-12-21,2016-12,20164,2016,0.83
357,2016-12-22,2016-12-22,2016-12-22,2016-12,20164,2016,0
358,2016-12-23,2016-12-23,2016-12-23,2016-12,20164,2016,-0.84
359,2016-12-24,2016-12-24,2016-12-24,2016-12,20164,2016,-0.9
360,2016-12-25,2016-12-25,2016-12-25,2016-12,20164,2016,-0.13
361,2016-12-26,2016-12-26,2016-12-26,2016-12,20164,2016,0.76
362,2016-12-27,2016-12-27,2016-12-27,2016-12,20164,2016,0.95
363,2016-12-28,2016-12-28,2016-12-28,2016-12,20164,2016,0.27
364,2016-12-29,2016-12-29,2016-12-29,2016-12,20164,2016,-0.66
365,2016-12-30,2016-12-30,2016-12-30,2016-12,20164,2016,-0.98
366,2016-12-31,2016-12-31,2016-12-31,2016-12,20164,2016,-0.4
367,2017-01-01,2017-01-01,2017-01-01,2017-01,20171,2017,0.84
368,2017-01-02,2017-01-02,2017-01-02,2017-01,20171,2017,0.9
369,2017-01-03,2017-01-03,2017-01-03,2017-01,20171,2017,0.14
370,2017-01-04,2017-01-04,2017-01-04,2017-01,20171,2017,-0.75
371,2017-01-05,2017-01-05,2017-01-05,2017-01,20171,2017,-0.95
372,2017-01-06,2017-01-06,2017-01-06,2017-01,20171,2017,-0.27
373,2017-01-07,2017-01-07,2017-01-07,2017-01,20171,2017,0.65
374,2017-01-08,2017-01-08,2017-01-08,2017-01,20171,2017,0.98
375,2017-01-09,2017-01-09,2017-01-09,2017-01,20171,2017,0.41
376,2017-01-10,2017-01-10,2017-01-10,2017-01,20171,2017,-0.54
377,2017-01-11,2017-01-11,2017-01-11,2017-01,20171,2017,-0.99
378,2017-01-12,2017-01-12,2017-01-12,2017-01,20171,2017,-0.53
379,2017-01-13,2017-01-13,2017-01-13,2017-01,20171,2017,0.42
380,2017-01-14,2017-01-14,2017-01-14,2017-01,20171,2017,0.99
381,2017-01-15,2017-01-15,2017-01-15,2017-01,20171,2017,0.65
382,2017-01-16,2017-01-16,2017-01-16,2017-01,20171,2017,-0.28
383,2017-01-17,2017-01-17,2017-01-17,2017-01,20171,2017,-0.96
384,2017-01-18,2017-01-18,2017-01-18,2017-01,20171,2017,-0.75
385,2017-01-19,2017-01-19,2017-01-19,2017-01,20171,2017,0.14
386,2017-01-20,2017-01-20,2017-01-20,2017-01,20171,2017,0.91
387,2017-01-21,2017-01-21,2017-01-21,2017-01,20171,2017,0.83
388,2017-01-22,2017-01-22,2017-01-22,2017-01,20171,2017,0
389,2017-01-23,2017-01-23,2017-01-23,2017-01,20171,2017,-0.84
390,2017-01-24,2017-01-24,2017-01-24,2017-01,20171,2017,-0.9
391,2017-01-25,2017-01-25,2017-01-25,2017-01,20171,2017,-0.13
392,2017-01-26,2017-01-26,2017-01-26,2017-01,20171,2017,0.76
393,2017-01-27,2017-01-27,2017-01-27,2017-01,20171,2017,0.95
394,2017-01-28,2017-01-28,2017-01-28,2017-01,20171,2017,0.27
395,2017-01-29,2017-01-29,2017-01-29,2017-01,20171,2017,-0.66
396,2017-01-30,2017-01-30,2017-01-30,2017-01,20171,2017,-0.98
397,2017-01-31,2017-01-31,2017-01-31,2017-01,20171,2017,-0.4
398,2017-02-01,2017-02-01,2017-02-01,2017-02,20171,2017,0.84
399,2017-02-02,2017-02-02,2017-02-02,2017-02,20171,2017,0.9
400,2017-02-03,2017-02-03,2017-02-03,2017-02,20171,2017,0.14
401,2017-02-04,2017-02-04,2017-02-04,2017-02,20171,2017,-0.75
402,2017-02-05,2017-02-05,2017-02-05,2017-02,20171,2017,-0.95
403,2017-02-06,2017-02-06,2017-02-06,2017-02,20171,2017,-0.27
404,2017-02-07,2017-02-07,2017-02-07,2017-02,20171,2017,0.65
405,2017-02-08,2017-02-08,2017-02-08,2017-02,20171,2017,0.98
406,2017-02-09,2017-02-09,2017-02-09,2017-02,20171,2017,0.41
407,2017-02-10,2017-02-10,2017-02-10,2017-02,20171,2017,-0.54
408,2017-02-11,2017-02-11,2017-02-11,2017-02,20171,2017,-0.99
409,2017-02-12,2017-02-12,2017-02-12,2017-02,20171,2017,-0.53
410,2017-02-13,2017-02-13,2017-02-13,2017-02,20171,2017,0.42
411,2017-02-14,2017-02-14,2017-02-14,2017-02,20171,2017,0.99
412,2017-02-15,2017-02-15,2017-02-15,2017-02,20171,2017,0.65
413,2017-02-16,2017-02-16,2017-02-16,2017-02,20171,2017,-0.28
414,2017-02-17,2017-02-17,2017-02-17,2017-02,20171,2017,-0.96
415,2017-02-18,2017-02-18,2017-02-18,2017-02,20171,2017,-0.75
416,2017-02-19,2017-02-19,2017-02-19,2017-02,20171,2017,0.14
417,2017-02-20,2017-02-20,2017-02-20,2017-02,20171,2017,0.91
418,2017-02-21,2017-02-21,2017-02-21,2017-02,20171,2017,0.83
419,2017-02-22,2017-02-22,2017-02-22,2017-02,20171,2017,0
420,2017-02-23,2017-02-23,2017-02-23,2017-02,20171,2017,-0.84
421,2017-02-24,2017-02-24,2017-02-24,2017-02,20171,2017,-0.9
422,2017-02-25,2017-02-25,2017-02-25,2017-02,20171,2017,-0.13
423,2017-02-26,2017-02-26,2017-02-26,2017-02,20171,2017,0.76
424,2017-02-27,2017-02-27,2017-02-27,2017-02,20171,2017,0.95
425,2017-02-28,2017-02-28,2017-02-28,2017-02,20171,2017,0.27
426,2017-03-01,2017-03-01,2017-03-01,2017-03,20171,2017,0.84
427,2017-03-02,2017-03-02,2017-03-02,2017-03,20171,2017,0.9
428,2017-03-03,2017-03-03,2017-03-03,2017-03,20171,2017,0.14
429,2017-03-04,2017-03-04,2017-03-04,2017-03,20171,2017,-0.75
430,2017-03-05,2017-03-05,2017-03-05,2017-03,20171,2017,-0.95
431,2017-03-06,2017-03-06,2017-03-06,2017-03,20171,2017,-0.27
432,2017-03-07,2017-03-07,2017-03-07,2017-03,20171,2017,0.65
433,2017-03-08,2017-03-08,2017-03-08,2017-03,20171,2017,0.98
434,2017-03-09,2017-03-09,2017-03-09,2017-03,20171,2017,0.41
435,2017-03-10,2017-03-10,2017-03-10,2017-03,20171,2017,-0.54
436,2017-03-11,2017-03-11,2017-03-11,2017-03,20171,2017,-0.99
437,2017-03-12,2017-03-12,2017-03-12,2017-03,20171,2017,-0.53
438,2017-03-13,2017-03-13,2017-03-13,2017-03,20171,2017,0.42
439,2017-03-14,2017-03-14,2017-03-14,2017-03,20171,2017,0.99
440,2017-03-15,2017-03-15,2017-03-15,2017-03,20171,2017,0.65
441,2017-03-16,2017-03-16,2017-03-16,2017-03,20171,2017,-0.28
442,2017-03-17,2017-03-17,2017-03-17,2017-03,20171,2017,-0.96
443,2017-03-18,2017-03-18,2017-03-18,2017-03,20171,2017,-0.75
444,2017-03-19,2017-03-19,2017-03-19,2017-03,20171,2017,0.14
445,2017-03-20,2017-03-20,2017-03-20,2017-03,20171,2017,0.91
446,2017-03-21,2017-03-21,2017-03-21,2017-03,20171,2017,0.83
447,2017-03-22,2017-03-22,2017-03-22,2017-03,20171,2017,0
448,2017-03-23,2017-03-23,2017-03-23,2017-03,20171,2017,-0.84
449,2017-03-24,2017-03-24,2017-03-24,2017-03,20171,2017,-0.9
450,2017-03-25,2017-03-25,2017-03-25,2017-03,20171,2017,-0.13
451,2017-03-26,2017-03-26,2017-03-26,2017-03,20171,2017,0.76
452,2017-03-27,2017-03-27,2017-03-27,2017-03,20171,2017,0.95
453,2017-03-28,2017-03-28,2017-03-28,2017-03,20171,2017,0.27
454,2017-03-29,2017-03-29,2017-03-29,2017-03,20171,2017,-0.66
455,2017-03-30,2017-03-30,2017-03-30,2017-03,20171,2017,-0.98
456,2017-03-31,2017-03-31,2017-03-31,2017-03,20171,2017,-0.4
457,2017-04-01,2017-04-01,2017-04-01,2017-04,20172,2017,0.84
458,2017-04-02,2017-04-02,2017-04-02,2017-04,20172,2017,0.9
459,2017-04-03,2017-04-03,2017-04-03,2017-04,20172,2017,0.14
460,2017-04-04,2017-04-04,2017-04-04,2017-04,20172,2017,-0.75
461,2017-04-05,2017-04-05,2017-04-05,2017-04,20172,2017,-0.95
462,2017-04-06,2017-04-06,2017-04-06,2017-04,20172,2017,-0.27
463,2017-04-07,2017-04-07,2017-04-07,2017-04,20172,2017,0.65
464,2017-04-08,2017-04-08,2017-04-08,2017-04,20172,2017,0.98
465,2017-04-09,2017-04-09,2017-04-09,2017-04,20172,2017,0.41
466,2017-04-10,2017-04-10,2017-04-10,2017-04,20172,2017,-0.54
467,2017-04-11,2017-04-11,2017-04-11,2017-04,20172,2017,-0.99
468,2017-04-12,2017-04-12,2017-04-12,2017-04,20172,2017,-0.53
469,2017-04-13,2017-04-13,2017-04-13,2017-04,20172,2017,0.42
470,2017-04-14,2017-04-14,2017-04-14,2017-04,20172,2017,0.99
471,2017-04-15,2017-04-15,2017-04-15,2017-04,20172,2017,0.65
472,2017-04-16,2017-04-16,2017-04-16,2017-04,20172,2017,-0.28
473,2017-04-17,2017-04-17,2017-04-17,2017-04,20172,2017,-0.96
474,2017-04-18,2017-04-18,2017-04-18,2017-04,20172,2017,-0.75
475,2017-04-19,2017-04-19,2017-04-19,2017-04,20172,2017,0.14
476,2017-04-20,2017-04-20,2017-04-20,2017-04,20172,2017,0.91
477,2017-04-21,2017-04-21,2017-04-21,2017-04,20172,2017,0.83
478,2017-04-22,2017-04-22,2017-04-22,2017-04,20172,2017,0
479,2017-04-23,2017-04-23,2017-04-23,2017-04,20172,2017,-0.84
480,2017-04-24,2017-04-24,2017-04-24,2017-04,20172,2017,-0.9
481,2017-04-25,2017-04-25,2017-04-25,2017-04,20172,2017,-0.13
482,2017-04-26,2017-04-26,2017-04-26,2017-04,20172,2017,0.76
483,2017-04-27,2017-04-27,2017-04-27,2017-04,20172,2017,0.95
484,2017-04-28,2017-04-28,2017-04-28,2017-04,20172,2017,0.27
485,2017-04-29,2017-04-29,2017-04-29,2017-04,20172,2017,-0.66
486,2017-04-30,2017-04-30,2017-04-30,2017-04,20172,2017,-0.98
487,2017-05-01,2017-05-01,2017-05-01,2017-05,20172,2017,0.84
488,2017-05-02,2017-05-02,2017-05-02,2017-05,20172,2017,0.9
489,2017-05-03,2017-05-03,2017-05-03,2017-05,20172,2017,0.14
490,2017-05-04,2017-05-04,2017-05-04,2017-05,20172,2017,-0.75
491,2017-05-05,2017-05-05,2017-05-05,2017-05,20172,2017,-0.95
492,2017-05-06,2017-05-06,2017-05-06,2017-05,20172,2017,-0.27
493,2017-05-07,2017-05-07,2017-05-07,2017-05,20172,2017,0.65
494,2017-05-08,2017-05-08,2017-05-08,2017-05,20172,2017,0.98
495,2017-05-09,2017-05-09,2017-05-09,2017-05,20172,2017,0.41
496,2017-05-10,2017-05-10,2017-05-10,2017-05,20172,2017,-0.54
497,2017-05-11,2017-05-11,2017-05-11,2017-05,20172,2017,-0.99
498,2017-05-12,2017-05-12,2017-05-12,2017-05,20172,2017,-0.53
499,2017-05-13,2017-05-13,2017-05-13,2017-05,20172,2017,0.42
500,2017-05-14,2017-05-14,2017-05-14,2017-05,20172,2017,0.99
501,2017-05-15,2017-05-15,2017-05-15,2017-05,20172,2017,0.65
502,2017-05-16,2017-05-16,2017-05-16,2017-05,20172,2017,-0.28
503,2017-05-17,2017-05-17,2017-05-17,2017-05,20172,2017,-0.96
504,2017-05-18,2017-05-18,2017-05-18,2017-05,20172,2017,-0.75
505,2017-05-19,2017-05-19,2017-05-19,2017-05,20172,2017,0.14
506,2017-05-20,2017-05-20,2017-05-20,2017-05,20172,2017,0.91
507,2017-05-21,2017-05-21,2017-05-21,2017-05,20172,2017,0.83
508,2017-05-22,2017-05-22,2017-05-22,2017-05,20172,2017,0
509,2017-05-23,2017-05-23,2017-05-23,2017-05,20172,2017,-0.84
510,2017-05-24,2017-05-24,2017-05-24,2017-05,20172,2017,-0.9
511,2017-05-25,2017-05-25,2017-05-25,2017-05,20172,2017,-0.13
512,2017-05-26,2017-05-26,2017-05-26,2017-05,20172,2017,0.76
513,2017-05-27,2017-05-27,2017-05-27,2017-05,20172,2017,0.95
514,2017-05-28,2017-05-28,2017-05-28,2017-05,20172,2017,0.27
515,2017-05-29,2017-05-29,2017-05-29,2017-05,20172,2017,-0.66
516,2017-05-30,2017-05-30,2017-05-30,2017-05,20172,2017,-0.98
517,2017-05-31,2017-05-31,2017-05-31,2017-05,20172,2017,-0.4
518,2017-06-01,2017-06-01,2017-06-01,2017-06,20172,2017,0.84
519,2017-06-02,2017-06-02,2017-06-02,2017-06,20172,2017,0.9
520,2017-06-03,2017-06-03,2017-06-03,2017-06,20172,2017,0.14
521,2017-06-04,2017-06-04,2017-06-04,2017-06,20172,2017,-0.75
522,2017-06-05,2017-06-05,2017-06-05,2017-06,20172,2017,-0.95
523,2017-06-06,2017-06-06,2017-06-06,2017-06,20172,2017,-0.27
524,2017-06-07,2017-06-07,2017-06-07,2017-06,20172,2017,0.65
525,2017-06-08,2017-06-08,2017-06-08,2017-06,20172,2017,0.98
526,2017-06-09,2017-06-09,2017-06-09,2017-06,20172,2017,0.41
527,2017-06-10,2017-06-10,2017-06-10,2017-06,20172,2017,-0.54
528,2017-06-11,2017-06-11,2017-06-11,2017-06,20172,2017,-0.99
529,2017-06-12,2017-06-12,2017-06-12,2017-06,20172,2017,-0.53
530,2017-06-13,2017-06-13,2017-06-13,2017-06,20172,2017,0.42
531,2017-06-14,2017-06-14,2017-06-14,2017-06,20172,2017,0.99
532,2017-06-15,2017-06-15,2017-06-15,2017-06,20172,2017,0.65
533,2017-06-16,2017-06-16,2017-06-16,2017-06,20172,2017,-0.28
534,2017-06-17,2017-06-17,2017-06-17,2017-06,20172,2017,-0.96
535,2017-06-18,2017-06-18,2017-06-18,2017-06,20172,2017,-0.75
536,2017-06-19,2017-06-19,2017-06-19,2017-06,20172,2017,0.14
537,2017-06-20,2017-06-20,2017-06-20,2017-06,20172,2017,0.91
538,2017-06-21,2017-06-21,2017-06-21,2017-06,20172,2017,0.83
539,2017-06-22,2017-06-22,2017-06-22,2017-06,20172,2017,0
540,2017-06-23,2017-06-23,2017-06-23,2017-06,20172,2017,-0.84
541,2017-06-24,2017-06-24,2017-06-24,2017-06,20172,2017,-0.9
542,2017-06-25,2017-06-25,2017-06-25,2017-06,20172,2017,-0.13
543,2017-06-26,2017-06-26,2017-06-26,2017-06,20172,2017,0.76
544,2017-06-27,2017-06-27,2017-06-27,2017-06,20172,2017,0.95
545,2017-06-28,2017-06-28,2017-06-28,2017-06,20172,2017,0.27
546,2017-06-29,2017-06-29,2017-06-29,2017-06,20172,2017,-0.66
547,2017-06-30,2017-06-30,2017-06-30,2017-06,20172,2017,-0.98
548,2017-07-01,2017-07-01,2017-07-01,2017-07,20173,2017,0.84
549,2017-07-02,2017-07-02,2017-07-02,2017-07,20173,2017,0.9
550,2017-07-03,2017-07-03,2017-07-03,2017-07,20173,2017,0.14
551,2017-07-04,2017-07-04,2017-07-04,2017-07,20173,2017,-0.75
552,2017-07-05,2017-07-05,2017-07-05,2017-07,20173,2017,-0.95
553,2017-07-06,2017-07-06,2017-07-06,2017-07,20173,2017,-0.27
554,2017-07-07,2017-07-07,2017-07-07,2017-07,20173,2017,0.65
555,2017-07-08,2017-07-08,2017-07-08,2017-07,20173,2017,0.98
556,2017-07-09,2017-07-09,2017-07-09,2017-07,20173,2017,0.41
557,2017-07-10,2017-07-10,2017-07-10,2017-07,20173,2017,-0.54
558,2017-07-11,2017-07-11,2017-07-11,2017-07,20173,2017,-0.99
559,2017-07-12,2017-07-12,2017-07-12,2017-07,20173,2017,-0.53
560,2017-07-13,2017-07-13,2017-07-13,2017-07,20173,2017,0.42
561,2017-07-14,2017-07-14,2017-07-14,2017-07,20173,2017,0.99
562,2017-07-15,2017-07-15,2017-07-15,2017-07,20173,2017,0.65
563,2017-07-16,2017-07-16,2017-07-16,2017-07,20173,2017,-0.28
564,2017-07-17,2017-07-17,2017-07-17,2017-07,20173,2017,-0.96
565,2017-07-18,2017-07-18,2017-07-18,2017-07,20173,2017,-0.75
566,2017-07-19,2017-07-19,2017-07-19,2017-07,20173,2017,0.14
567,2017-07-20,2017-07-20,2017-07-20,2017-07,20173,2017,0.91
568,2017-07-21,2017-07-21,2017-07-21,2017-07,20173,2017,0.83
569,2017-07-22,2017-07-22,2017-07-22,2017-07,20173,2017,0
570,2017-07-23,2017-07-23,2017-07-23,2017-07,20173,2017,-0.84
571,2017-07-24,2017-07-24,2017-07-24,2017-07,20173,2017,-0.9
572,2017-07-25,2017-07-25,2017-07-25,2017-07,20173,2017,-0.13
573,2017-07-26,2017-07-26,2017-07-26,2017-07,20173,2017,0.76
574,2017-07-27,2017-07-27,2017-07-27,2017-07,20173,2017,0.95
575,2017-07-28,2017-07-28,2017-07-28,2017-07,20173,2017,0.27
576,2017-07-29,2017-07-29,2017-07-29,2017-07,20173,2017,-0.66
577,2017-07-30,2017-07-30,2017-07-30,2017-07,20173,2017,-0.98
578,2017-07-31,2017-07-31,2017-07-31,2017-07,20173,2017,-0.4
579,2017-08-01,2017-08-01,2017-08-01,2017-08,20173,2017,0.84
580,2017-08-02,2017-08-02,2017-08-02,2017-08,20173,2017,0.9
581,2017-08-03,2017-08-03,2017-08-03,2017-08,20173,2017,0.14
582,2017-08-04,2017-08-04,2017-08-04,2017-08,20173,2017,-0.75
583,2017-08-05,2017-08-05,2017-08-05,2017-08,20173,2017,-0.95
584,2017-08-06,2017-08-06,2017-08-06,2017-08,20173,2017,-0.27
585,2017-08-07,2017-08-07,2017-08-07,2017-08,20173,2017,0.65
586,2017-08-08,2017-08-08,2017-08-08,2017-08,20173,2017,0.98
587,2017-08-09,2017-08-09,2017-08-09,2017-08,20173,2017,0.41
588,2017-08-10,2017-08-10,2017-08-10,2017-08,20173,2017,-0.54
589,2017-08-11,2017-08-11,2017-08-11,2017-08,20173,2017,-0.99
590,2017-08-12,2017-08-12,2017-08-12,2017-08,20173,2017,-0.53
591,2017-08-13,2017-08-13,2017-08-13,2017-08,20173,2017,0.42
592,2017-08-14,2017-08-14,2017-08-14,2017-08,20173,2017,0.99
593,2017-08-15,2017-08-15,2017-08-15,2017-08,20173,2017,0.65
594,2017-08-16,2017-08-16,2017-08-16,2017-08,20173,2017,-0.28
595,2017-08-17,2017-08-17,2017-08-17,2017-08,20173,2017,-0.96
596,2017-08-18,2017-08-18,2017-08-18,2017-08,20173,2017,-0.75
597,2017-08-19,2017-08-19,2017-08-19,2017-08,20173,2017,0.14
598,2017-08-20,2017-08-20,2017-08-20,2017-08,20173,2017,0.91
599,2017-08-21,2017-08-21,2017-08-21,2017-08,20173,2017,0.83
600,2017-08-22,2017-08-22,2017-08-22,2017-08,20173,2017,0
601,2017-08-23,2017-08-23,2017-08-23,2017-08,20173,2017,-0.84
602,2017-08-24,2017-08-24,2017-08-24,2017-08,20173,2017,-0.9
603,2017-08-25,2017-08-25,2017-08-25,2017-08,20173,2017,-0.13
604,2017-08-26,2017-08-26,2017-08-26,2017-08,20173,2017,0.76
605,2017-08-27,2017-08-27,2017-08-27,2017-08,20173,2017,0.95
606,2017-08-28,2017-08-28,2017-08-28,2017-08,20173,2017,0.27
607,2017-08-29,2017-08-29,2017-08-29,2017-08,20173,2017,-0.66
608,2017-08-30,2017-08-30,2017-08-30,2017-08,20173,2017,-0.98
609,2017-08-31,2017-08-31,2017-08-31,2017-08,20173,2017,-0.4
610,2017-09-01,2017-09-01,2017-09-01,2017-09,20173,2017,0.84
611,2017-09-02,2017-09-02,2017-09-02,2017-09,20173,2017,0.9
612,2017-09-03,2017-09-03,2017-09-03,2017-09,20173,2017,0.14
613,2017-09-04,2017-09-04,2017-09-04,2017-09,20173,2017,-0.75
614,2017-09-05,2017-09-05,2017-09-05,2017-09,20173,2017,-0.95
615,2017-09-06,2017-09-06,2017-09-06,2017-09,20173,2017,-0.27
616,2017-09-07,2017-09-07,2017-09-07,2017-09,20173,2017,0.65
617,2017-09-08,2017-09-08,2017-09-08,2017-09,20173,2017,0.98
618,2017-09-09,2017-09-09,2017-09-09,2017-09,20173,2017,0.41
619,2017-09-10,2017-09-10,2017-09-10,2017-09,20173,2017,-0.54
620,2017-09-11,2017-09-11,2017-09-11,2017-09,20173,2017,-0.99
621,2017-09-12,2017-09-12,2017-09-12,2017-09,20173,2017,-0.53
622,2017-09-13,2017-09-13,2017-09-13,2017-09,20173,2017,0.42
623,2017-09-14,2017-09-14,2017-09-14,2017-09,20173,2017,0.99
624,2017-09-15,2017-09-15,2017-09-15,2017-09,20173,2017,0.65
625,2017-09-16,2017-09-16,2017-09-16,2017-09,20173,2017,-0.28
626,2017-09-17,2017-09-17,2017-09-17,2017-09,20173,2017,-0.96
627,2017-09-18,2017-09-18,2017-09-18,2017-09,20173,2017,-0.75
628,2017-09-19,2017-09-19,2017-09-19,2017-09,20173,2017,0.14
629,2017-09-20,2017-09-20,2017-09-20,2017-09,20173,2017,0.91
630,2017-09-21,2017-09-21,2017-09-21,2017-09,20173,2017,0.83
631,2017-09-22,2017-09-22,2017-09-22,2017-09,20173,2017,0
632,2017-09-23,2017-09-23,2017-09-23,2017-09,20173,2017,-0.84
633,2017-09-24,2017-09-24,2017-09-24,2017-09,20173,2017,-0.9
634,2017-09-25,2017-09-25,2017-09-25,2017-09,20173,2017,-0.13
635,2017-09-26,2017-09-26,2017-09-26,2017-09,20173,2017,0.76
636,2017-09-27,2017-09-27,2017-09-27,2017-09,20173,2017,0.95
637,2017-09-28,2017-09-28,2017-09-28,2017-09,20173,2017,0.27
638,2017-09-29,2017-09-29,2017-09-29,2017-09,20173,2017,-0.66
639,2017-09-30,2017-09-30,2017-09-30,2017-09,20173,2017,-0.98
640,2017-10-01,2017-10-01,2017-10-01,2017-10,20174,2017,0.84
641,2017-10-02,2017-10-02,2017-10-02,2017-10,20174,2017,0.9
642,2017-10-03,2017-10-03,2017-10-03,2017-10,20174,2017,0.14
643,2017-10-04,2017-10-04,2017-10-04,2017-10,20174,2017,-0.75
644,2017-10-05,2017-10-05,2017-10-05,2017-10,20174,2017,-0.95
645,2017-10-06,2017-10-06,2017-10-06,2017-10,20174,2017,-0.27
646,2017-10-07,2017-10-07,2017-10-07,2017-10,20174,2017,0.65
647,2017-10-08,2017-10-08,2017-10-08,2017-10,20174,2017,0.98
648,2017-10-09,2017-10-09,2017-10-09,2017-10,20174,2017,0.41
649,2017-10-10,2017-10-10,2017-10-10,2017-10,20174,2017,-0.54
650,2017-10-11,2017-10-11,2017-10-11,2017-10,20174,2017,-0.99
651,2017-10-12,2017-10-12,2017-10-12,2017-10,20174,2017,-0.53
652,2017-10-13,2017-10-13,2017-10-13,2017-10,20174,2017,0.42
653,2017-10-14,2017-10-14,2017-10-14,2017-10,20174,2017,0.99
654,2017-10-15,2017-10-15,2017-10-15,2017-10,20174,2017,0.65
655,2017-10-16,2017-10-16,2017-10-16,2017-10,20174,2017,-0.28
656,2017-10-17,2017-10-17,2017-10-17,2017-10,20174,2017,-0.96
657,2017-10-18,2017-10-18,2017-10-18,2017-10,20174,2017,-0.75
658,2017-10-19,2017-10-19,2017-10-19,2017-10,20174,2017,0.14
659,2017-10-20,2017-10-20,2017-10-20,2017-10,20174,2017,0.91
660,2017-10-21,2017-10-21,2017-10-21,2017-10,20174,2017,0.83
661,2017-10-22,2017-10-22,2017-10-22,2017-10,20174,2017,0
662,2017-10-23,2017-10-23,2017-10-23,2017-10,20174,2017,-0.84
663,2017-10-24,2017-10-24,2017-10-24,2017-10,20174,2017,-0.9
664,2017-10-25,2017-10-25,2017-10-25,2017-10,20174,2017,-0.13
665,2017-10-26,2017-10-26,2017-10-26,2017-10,20174,2017,0.76
666,2017-10-27,2017-10-27,2017-10-27,2017-10,20174,2017,0.95
667,2017-10-28,2017-10-28,2017-10-28,2017-10,20174,2017,0.27
668,2017-10-29,2017-10-29,2017-10-29,2017-10,20174,2017,-0.66
669,2017-10-30,2017-10-30,2017-10-30,2017-10,20174,2017,-0.98
670,2017-10-31,2017-10-31,2017-10-31,2017-10,20174,2017,-0.4
671,2017-11-01,2017-11-01,2017-11-01,2017-11,20174,2017,0.84
672,2017-11-02,2017-11-02,2017-11-02,2017-11,20174,2017,0.9
673,2017-11-03,2017-11-03,2017-11-03,2017-11,20174,2017,0.14
674,2017-11-04,2017-11-04,2017-11-04,2017-11,20174,2017,-0.75
675,2017-11-05,2017-11-05,2017-11-05,2017-11,20174,2017,-0.95
676,2017-11-06,2017-11-06,2017-11-06,2017-11,20174,2017,-0.27
677,2017-11-07,2017-11-07,2017-11-07,2017-11,20174,2017,0.65
678,2017-11-08,2017-11-08,2017-11-08,2017-11,20174,2017,0.98
679,2017-11-09,2017-11-09,2017-11-09,2017-11,20174,2017,0.41
680,2017-11-10,2017-11-10,2017-11-10,2017-11,20174,2017,-0.54
681,2017-11-11,2017-11-11,2017-11-11,2017-11,20174,2017,-0.99
682,2017-11-12,2017-11-12,2017-11-12,2017-11,20174,2017,-0.53
683,2017-11-13,2017-11-13,2017-11-13,2017-11,20174,2017,0.42
684,2017-11-14,2017-11-14,2017-11-14,2017-11,20174,2017,0.99
685,2017-11-15,2017-11-15,2017-11-15,2017-11,20174,2017,0.65
686,2017-11-16,2017-11-16,2017-11-16,2017-11,20174,2017,-0.28
687,2017-11-17,2017-11-17,2017-11-17,2017-11,20174,2017,-0.96
688,2017-11-18,2017-11-18,2017-11-18,2017-11,20174,2017,-0.75
689,2017-11-19,2017-11-19,2017-11-19,2017-11,20174,2017,0.14
690,2017-11-20,2017-11-20,2017-11-20,2017-11,20174,2017,0.91
691,2017-11-21,2017-11-21,2017-11-21,2017-11,20174,2017,0.83
692,2017-11-22,2017-11-22,2017-11-22,2017-11,20174,2017,0
693,2017-11-23,2017-11-23,2017-11-23,2017-11,20174,2017,-0.84
694,2017-11-24,2017-11-24,2017-11-24,2017-11,20174,2017,-0.9
695,2017-11-25,2017-11-25,2017-11-25,2017-11,20174,2017,-0.13
696,2017-11-26,2017-11-26,2017-11-26,2017-11,20174,2017,0.76
697,2017-11-27,2017-11-27,2017-11-27,2017-11,20174,2017,0.95
698,2017-11-28,2017-11-28,2017-11-28,2017-11,20174,2017,0.27
699,2017-11-29,2017-11-29,2017-11-29,2017-11,20174,2017,-0.66
700,2017-11-30,2017-11-30,2017-11-30,2017-11,20174,2017,-0.98
701,2017-12-01,2017-12-01,2017-12-01,2017-12,20174,2017,0.84
702,2017-12-02,2017-12-02,2017-12-02,2017-12,20174,2017,0.9
703,2017-12-03,2017-12-03,2017-12-03,2017-12,20174,2017,0.14
704,2017-12-04,2017-12-04,2017-12-04,2017-12,20174,2017,-0.75
705,2017-12-05,2017-12-05,2017-12-05,2017-12,20174,2017,-0.95
706,2017-12-06,2017-12-06,2017-12-06,2017-12,20174,2017,-0.27
707,2017-12-07,2017-12-07,2017-12-07,2017-12,20174,2017,0.65
708,2017-12-08,2017-12-08,2017-12-08,2017-12,20174,2017,0.98
709,2017-12-09,2017-12-09,2017-12-09,2017-12,20174,2017,0.41
710,2017-12-10,2017-12-10,2017-12-10,2017-12,20174,2017,-0.54
711,2017-12-11,2017-12-11,2017-12-11,2017-12,20174,2017,-0.99
712,2017-12-12,2017-12-12,2017-12-12,2017-12,20174,2017,-0.53
713,2017-12-13,2017-12-13,2017-12-13,2017-12,20174,2017,0.42
714,2017-12-14,2017-12-14,2017-12-14,2017-12,20174,2017,0.99
715,2017-12-15,2017-12-15,2017-12-15,2017-12,20174,2017,0.65
716,2017-12-16,2017-12-16,2017-12-16,2017-12,20174,2017,-0.28
717,2017-12-17,2017-12-17,2017-12-17,2017-12,20174,2017,-0.96
718,2017-12-18,2017-12-18,2017-12-18,2017-12,20174,2017,-0.75
719,2017-12-19,2017-12-19,2017-12-19,2017-12,20174,2017,0.14
720,2017-12-20,2017-12-20,2017-12-20,2017-12,20174,2017,0.91
721,2017-12-21,2017-12-21,2017-12-21,2017-12,20174,2017,0.83
722,2017-12-22,2017-12-22,2017-12-22,2017-12,20174,2017,0
723,2017-12-23,2017-12-23,2017-12-23,2017-12,20174,2017,-0.84
724,2017-12-24,2017-12-24,2017-12-24,2017-12,20174,2017,-0.9
725,2017-12-25,2017-12-25,2017-12-25,2017-12,20174,2017,-0.13
726,2017-12-26,2017-12-26,2017-12-26,2017-12,20174,2017,0.76
727,2017-12-27,2017-12-27,2017-12-27,2017-12,20174,2017,0.95
728,2017-12-28,2017-12-28,2017-12-28,2017-12,20174,2017,0.27
729,2017-12-29,2017-12-29,2017-12-29,2017-12,20174,2017,-0.66
730,2017-12-30,2017-12-30,2017-12-30,2017-12,20174,2017,-0.98
731,2017-12-31,2017-12-31,2017-12-31,2017-12,20174,2017,-0.4